name,label,label_en,province_code
YE1301,صنعاء القديمة,Sana'a Old City,YE13
YE1303,أزال,Azaal,YE13
YE1304,الصافية,As Safiyah,YE13
YE1305,السبعين,As Sab'in,YE13
YE1302,شعوب,Shu'ub,YE13
YE1306,الوحدة,Al Wihdah,YE13
YE1307,التحرير,At Tahrir,YE13
YE1309,الثورة,Ath Thawrah,YE13
YE1308,معين,Ma'in,YE13
YE1310,بني الحارث,Bani Al Harith,YE13
YE2301,همدان,Hamdan,YE23
YE2302,أرحب,Arhab,YE23
YE2316,جحانة,Jihanah,YE23
YE2306,بلاد الروس,Bilad Ar Rus,YE23
YE2305,سنحان وبني بهلول,Sanhan wa Bani Bahlul,YE23
YE2315,الحصن,Al Hissn,YE23
YE2311,صعفان,Sa'fan,YE23
YE2304,بني حشيش,Bani Hushaysh,YE23
YE2313,الطيال,At Tiyal,YE23
YE2312,خولان,Khawlan,YE23
YE2314,بني ضبيان,Bani Dabyan,YE23
YE2309,الحيمة الخارجية,Al Haymah Al Kharijiyah,YE23
YE2308,الحيمة الداخلية,Al Haymah Ad Dakhiliyah,YE23
YE2310,مناخة,Manakhah,YE23
YE2303,نهم,Nihm,YE23
YE2307,بني مطر,Bani Matar,YE23
YE2401,دار سعد,Dar Sa'd,YE24
YE2402,الشيخ عثمان,Ash Shaykh Uthman,YE24
YE2403,المنصورة,Al Mansurah,YE24
YE2404,البريقة,Al Burayqah,YE24
YE2405,التواهي,At Tawahi,YE24
YE2408,خور مكسر,Khur Maksar,YE24
YE2407,صيرة,Sirah,YE24
YE2406,المعلا,Al Mu'alla,YE24
YE1817,بيت الفقيه,Bayt Al Faqih,YE18
YE1808,بيت الفقيه,Al Mighlaf,YE18
YE1826,التحيتا,At Tuhayta,YE18
YE1803,كمران,Kamaran,YE18
YE1820,الخوخة,Al Khukhah,YE18
YE1814,الدريهمي,Ad Durayhimi,YE18
YE1822,الدريهمي,Al Mina,YE18
YE1802,اللحية,Alluhayah,YE18
YE1824,زبيد,Zabid,YE18
YE1825,زبيد,Al Jarrahi,YE18
YE1818,جبل راس,Jabal Ras,YE18
YE1813,المراوعة,Al Marawi'ah,YE18
YE1801,الزهرة,Az Zuhrah,YE18
YE1816,المنصورية,Al Mansuriyah,YE18
YE1807,الزيدية,Az Zaydiyah,YE18
YE1823,الحالي,Al Hali,YE18
YE1811,الحجيلة,Al Hujaylah,YE18
YE1815,السخنة,As Sukhnah,YE18
YE1805,المنيرة,Al Munirah,YE18
YE1821,الحوك,Al Hawak,YE18
YE1804,الصليف,As Salif,YE18
YE1810,باجل,Bajil,YE18
YE1809,الضحي,Ad Dahi,YE18
YE1819,حيس,Hays,YE18
YE1806,القناوص,Al Qanawis,YE18
YE1812,برع,Bura',YE18
YE2002,جهران,Jahran,YE20
YE2005,عتمة,Utmah,YE20
YE2009,ميفعة عنس,Mayfa'at Ans,YE20
YE2001,الحداء,Al Hada,YE20
YE2010,عنس,Ans,YE20
YE2007,وصاب السافل,Wusab As Safil,YE20
YE2006,وصاب العالي,Wusab Al Aali,YE20
YE2003,جبل الشرق,Jabal Ash sharq,YE20
YE2012,المنار,Al Manar,YE20
YE2004,مغرب عنس,Maghrib Ans,YE20
YE2011,ضوران آنس,Dawran Aanis,YE20
YE2008,مدينة ذمار,Dhamar City,YE20
YE2901,حرف سفيان,Harf Sufyan,YE29
YE2902,حوث,Huth,YE29
YE2903,العشة,Al Ashah,YE29
YE2904,قفلة عذر,Qaflat Udhar,YE29
YE2905,شهارة,Shaharah,YE29
YE2906,المــدان,Al Madan,YE29
YE2907,صـويــــر,Suwayr,YE29
YE2908,حبور ظليمة,Habur Dhulaymah,YE29
YE2913,السودة,As Sudah,YE29
YE2919,خمر,Khamir,YE29
YE2909,ذيبين,Dhaybayn,YE29
YE2910,خارف,Kharif,YE29
YE2911,ريدة,Raydah,YE29
YE2912,جبل عيال يزيد,Jabal Eyal Yazid,YE29
YE2914,السود,As Sawd,YE29
YE2915,عمران,Amran,YE29
YE2916,مسور,Maswar,YE29
YE2917,ثلا,Thula,YE29
YE2918,عيال سريح,Eyal Surayh,YE29
YE2920,بني صريم,Bani Suraym,YE29
YE1701,بكيل المير,Bakil Al Mir,YE17
YE1727,بني العوام,Bani Al Awam,YE17
YE1710,أفلح الشام,Aflah Ash Sham,YE17
YE1714,أفلح اليمن,Aflah Al Yaman,YE17
YE1724,بني قيس,Bani Qays,YE17
YE1709,كحلان الشرف,Kuhlan Ash Sharaf,YE17
YE1718,كحلان عفار,Kuhlan Afar,YE17
YE1711,خيران المحرق,Khayran Al Muharraq,YE17
YE1729,حجة,Hajjah,YE17
YE1728,مدينة حجة,Hajjah City,YE17
YE1713,قفل شمر,Qafl Shammar,YE17
YE1731,قارة,Qarah,YE17
YE1712,أسلم,Aslam,YE17
YE1708,الجميمة,Al Jamimah,YE17
YE1730,وشحة,Washhah,YE17
YE1725,الشغادرة,Ash shaghadirah,YE17
YE1715,المحابشة,Al Mahabishah,YE17
YE1717,المغربة,Al Maghrabah,YE17
YE1716,المفتاح,Al Miftah,YE17
YE1702,حرض,Harad,YE17
YE1705,حيران,Hayran,YE17
YE1707,كشر,Kushar,YE17
YE1719,شرس,Sharis,YE17
YE1704,عبس,Abs,YE17
YE1722,كعيدنة,Ku'aydinah,YE17
YE1720,مبين,Mabyan,YE17
YE1721,الشاهل,Ash Shahil,YE17
YE1723,وضرة,Wadrah,YE17
YE1706,مستباء,Mustaba,YE17
YE1703,ميدي,Midi,YE17
YE1726,نجرة,Najrah,YE17
YE1111,العدين,Al Udayn,YE11
YE1120,إب,Ibb,YE11
YE1113,بعدان,Ba'dan,YE11
YE1112,جبلة,Jiblah,YE11
YE1104,النادرة,An Nadirah,YE11
YE1108,حبيش,Hubaysh,YE11
YE1109,حزم العدين,Hazm Al Udayn,YE11
YE1116,ذي السفال,Dhi As Sufal,YE11
YE1103,الرضمة,Ar Radmah,YE11
YE1114,السبرة,As Sabrah,YE11
YE1106,السدة,As Saddah,YE11
YE1115,السياني,As Sayyani,YE11
YE1105,الشعر,Ash Sha'ir,YE11
YE1119,الظهار,Adh Dhihar,YE11
YE1110,فرع العدين,Far' Al Udayn,YE11
YE1101,القفر,Al Qafr,YE11
YE1107,المخادر,Al Makhadir,YE11
YE1117,مذيخرة,Mudhaykhirah,YE11
YE1118,المشنة,Al Mashannah,YE11
YE1102,يريم,Yarim,YE11
YE2213,الحشوة,Al Hishwah,YE22
YE2212,الصفراء,As Safra,YE22
YE2207,الظاهر,Adh Dhahir,YE22
YE2201,باقم,Baqim,YE22
YE2208,حيدان,Haydan,YE22
YE2205,رازح,Razih,YE22
YE2209,ساقين,Saqayn,YE22
YE2211,سحار,Sahar,YE22
YE2206,شداء,Shida,YE22
YE2215,صعدة,Sa'dah,YE22
YE2204,غمر,Ghamar,YE22
YE2202,قطابر,Qatabir,YE22
YE2214,كتاف والبقع,Kitaf wa Al Buqa',YE22
YE2210,مجز,Majz,YE22
YE2203,منبه,Munabbih,YE22
YE1410,البيضاء,Al Bayda,YE14
YE1405,الزاهر,Az Zahir,YE14
YE1412,ردمان,Radman,YE14
YE1418,الرياشية,Ar Riyashiyah,YE14
YE1411,السوادية,As Sawadiyah,YE14
YE1419,الشرية,Ash Shiryah,YE14
YE1417,صباح,Sabah,YE14
YE1404,الصومعة,As Sawma'ah,YE14
YE1407,الطفة,At Taffah,YE14
YE1416,العرش,Al Arsh,YE14
YE1414,القريشية,Al Qurayshyyah,YE14
YE1406,ذي ناعم,Dhi Na'im,YE14
YE1403,مسورة,Maswarah,YE14
YE1408,مكيراس,Mukayras,YE14
YE1420,الملاجم,Al Malajim,YE14
YE1402,ناطع,Nati',YE14
YE1401,نعمان,Na'man,YE14
YE1415,ولد ربيع,Wald Rabi',YE14
YE1413,رداع,Rada',YE14
YE2115,الروضة,Ar Rawdah,YE21
YE2107,بيحان,Bayhan,YE21
YE2103,جردان,Jardan,YE21
YE2114,حبان,Habban,YE21
YE2106,عين,Ayn,YE21
YE2111,حطيب,Hatib,YE21
YE2101,دهر,Duhr,YE21
YE2117,رضوم,Rudum,YE21
YE2112,الصعيد,As Sa'id,YE21
YE2102,الطلح,At Talh,YE21
YE2113,عتق,Ataq,YE21
YE2104,عرماء,Armaa,YE21
YE2105,عسيلان,Usaylan,YE21
YE2109,مرخة السفلى,Markhah As Sufla,YE21
YE2108,مرخة العليا,Markhah Al Ulya,YE21
YE2116,ميفعة,Mayfa'ah,YE21
YE2110,نصاب,Nisab,YE21
YE1501,ماوية,Mawiyah,YE15
YE1502,شرعب السلام,Shar'ab As Salam,YE15
YE1503,شرعب الرونة,Shar'ab Ar Rawnah,YE15
YE1504,مقبنة,Maqbanah,YE15
YE1505,المخا,Al Makha,YE15
YE1506,ذباب,Dhubab,YE15
YE1507,موزع,Mawza',YE15
YE1508,جبل حبشي,Jabal Habashi,YE15
YE1509,مشرعة وحدنان,Mashr'ah Wa Hadnan,YE15
YE1510,صبر الموادم,Sabir Al Mawadim,YE15
YE1511,المسراخ,Al Misrakh,YE15
YE1512,دمنة خدير,Dimnat Khadir,YE15
YE1513,الصلو,As Silw,YE15
YE1514,الشمايتين,Ash Shamayytayn,YE15
YE1515,الوازعية,Al Wazi'iyah,YE15
YE1516,حيفان,Hayfan ,YE15
YE1517,المظفر,Al Mudhaffar,YE15
YE1518,القاهرة,Al Qahirah,YE15
YE1519,صالة,Salah,YE15
YE1520,التعزية,At Ta'iziyah,YE15
YE1521,المعافر,Al Ma'afir,YE15
YE1522,المواسط,Al Mawasit,YE15
YE1523,سامع,Sami',YE15
YE1610,برط العنان,Barat Al Anan,YE16
YE1605,الحزم,Al Hazm,YE16
YE1602,الحميدات,Al Humaydat,YE16
YE1601,خب و الشعف,Khab wa Ash Sha'af,YE16
YE1612,خراب المراشي,Kharab Al Marashi,YE16
YE1609,الخلق,Al Khalaq,YE16
YE1611,رجوزة,Rajuzah,YE16
YE1604,الزاهر,Az Zahir,YE16
YE1608,الغيل,Al Ghayl,YE16
YE1606,المتون,Al Mutun,YE16
YE1607,المصلوب,Al Maslub,YE16
YE1603,المطمة,Al Matammah,YE16
YE2605,بدبدة,Bidbidah,YE26
YE2614,جبل مراد,Jabal Murad,YE26
YE2603,مدغل الجدعان,Madghal Al Jid'an,YE26
YE2609,حريب,Harib,YE26
YE2604,حريب القرامش,Harib Al Qaramish,YE26
YE2608,رحبة,Rahabah,YE26
YE2602,رغوان,Raghwan,YE26
YE2606,صرواح,Sirwah,YE26
YE2611,العبدية,Al Abdiyyah,YE26
YE2610,ماهلية,Mahiliyyah,YE26
YE2607,الجوبة,Al Jubah,YE26
YE2601,مجزر,Majzar,YE26
YE2613,مدينة مأرب,Marib Al Wadi,YE26
YE1926,المكلا,Al Mukalla,YE19
YE1902,ثمود,Thamud,YE19
YE1903,القف,Al Qaff,YE19
YE1904,زمخ ومنوخ,Zamakh wa Manawakh,YE19
YE1924,حجر,Hajr,YE19
YE1906,العبر,Al Abr,YE19
YE1907,القطن,Al Qatn,YE19
YE1908,شبام,Shibam,YE19
YE1909,ساه,Sah,YE19
YE1910,سيئون,Sayun,YE19
YE1911,تريم,Tarim,YE19
YE1912,السوم,As Sum,YE19
YE1913,الريدة وقصيعر,Ar Raydah wa Qussay'ar,YE19
YE1914,الديس الشرقية,Ad Dis Ash Sharqiyah,YE19
YE1915,الشحر,Ash Shihr,YE19
YE1916,غيل بن يمين,Ghayl bin Yumayn ,YE19
YE1917,غيل باوزير,Ghayl Bawazir,YE19
YE1918,دوعن,Daw'an,YE19
YE1921,عمد,Amd,YE19
YE1919,وادي العين,Wadi Al Ayn,YE19
YE1920,رخية,Rakhyah,YE19
YE1923,يبعث,Yab'uth,YE19
YE1905,حجر الصيعر,Hajar As Say'ar,YE19
YE1925,بروم ميفع,Brum Mayf'ah,YE19
YE1922,الضليعة,Ad Dulay'ah,YE19
YE1901,رماه,Rumah,YE19
YE1928,حريضة,Huridah,YE19
YE1927,مدينة المكلا,Al Mukalla City,YE19
YE2802,حات,Hat,YE28
YE2809,حصوين,Hasswin,YE28
YE2803,حوف,Hawf,YE28
YE2807,سيحوت,Sayhut,YE28
YE2801,شحن,Shehin,YE28
YE2804,الغيضة,Al Ghaydah,YE28
YE2808,قشن,Qishn,YE28
YE2806,المسيلة,Al Masilah,YE28
YE2805,منعر,Man'ar,YE28
YE3008,الأزارق,Al Azariq,YE30
YE3009,الحشاء,Al Husha,YE30
YE3005,الحصين,Al Hussayn,YE30
YE3004,الشعيب,Ash Shu'ayb,YE30
YE3006,الضالع,Ad Dale',YE30
YE3001,جبن,Juban,YE30
YE3007,جحاف,Juhaf,YE30
YE3002,دمت,Damt,YE30
YE3003,قعطبة,Qa'tabah,YE30
YE2705,ملحان,Milhan,YE27
YE2704,الخبت,Al Khabt,YE27
YE2702,الطويلة,At Tawilah,YE27
YE2707,بني سعد,Bani Sa'd,YE27
YE2703,الرجم,Ar Rujum,YE27
YE2709,المحويت,Al Mahwit,YE27
YE2708,مدينة المحويت,Al Mahwit City,YE27
YE2701,شبام كوكبان,Shibam Kawkaban,YE27
YE2706,حفاش,Hufash,YE27
YE2501,الحد,Al Had,YE25
YE2514,الحوطة,Al Hawtah,YE25
YE2510,القبيطة,Al Qubaytah,YE25
YE2509,المسيمير,Al Musaymir,YE25
YE2513,المضاربة والعارة,Al Madaribah Wa Al Aarah,YE25
YE2503,المفلحي,Al Muflahi,YE25
YE2512,المقاطرة,Al Maqatirah,YE25
YE2508,الملاح,Al Milah,YE25
YE2515,تبن,Tuban,YE25
YE2506,حالمين,Halmin,YE25
YE2505,حبيل جبر,Habil Jabr,YE25
YE2507,ردفان,Radfan,YE25
YE2511,طور الباحة,Tur Al Bahah,YE25
YE2502,يافع,Yafi',YE25
YE2504,يهر,Yahr,YE25
YE3101,بلاد الطعام,Bilad Atta'am,YE31
YE3102,السلفية,As Salafiyah,YE31
YE3103,الجبين,Al Jabin,YE31
YE3104,مزهر,Mazhar,YE31
YE3105,كسمة,Kusmah,YE31
YE3106,الجعفرية,Al Ja'fariyah,YE31
YE3201,حديبو,Hadibu,YE32
YE3202,قلنسية وعبد الكوري,Qalansiyah wa Abd Al Kuri,YE32
YE1202,مودية,Mudiyah,YE12
YE1201,المحفد,Al Mahfad,YE12
YE1203,جيشان,Jayshan,YE12
YE1204,لودر,Lawdar,YE12
YE1205,سباح,Sabbah,YE12
YE1206,رُصد,Russud,YE12
YE1207,سرار,Sarar,YE12
YE1208,الوضيع,Al Wadi',YE12
YE1209,أحور,Ahwar,YE12
YE1210,زنجبار,Zinjibar,YE12
YE1211,خنفر,Khanfar,YE12
other,أخرى,Other,
